{
 "alg": "ML-DSA-65",
 "python": "3.13.13",
 "os": "macOS 26.4.1 (Darwin)",
 "cpu": "Apple M2",
 "liboqs": "0.15.0",
 "note": "Transcribed from the author's terminal run on an Apple M2 MacBook Air; regenerate with src/bench_pqcbas.py to reproduce.",
 "runs": {
  "n": 200
 },
 "Setup": [
  0.05356271,
  0.0024124467397771314
 ],
 "VehKeyGen": [
  0.053673729999999996,
  0.0019755094978207276
 ],
 "CertGen": [
  0.112750235,
  0.06275738406581088
 ],
 "CertValidate": [
  0.054233474999999996,
  0.0019127441334310436
 ],
 "Sign": [
  0.11683413,
  0.06105178588890108
 ],
 "sizes": {
  "pk": 1952,
  "sig": 3309,
  "cert": 5277,
  "tuple": 10662
 },
 "agg": {
  "1": {
   "agg_ms": [
    0.051147460000000006,
    0.17282226582526392
   ],
   "aggverify_ms": [
    0.16228196666666667,
    0.05328605337006553
   ],
   "agg_size": 5232
  },
  "2": {
   "agg_ms": [
    0.06540377,
    0.0021034136221289375
   ],
   "aggverify_ms": [
    0.2974930333333333,
    0.003683841992599135
   ],
   "agg_size": 5280
  },
  "5": {
   "agg_ms": [
    0.16016914,
    0.005465832591618223
   ],
   "aggverify_ms": [
    0.7294416,
    0.016698733713296523
   ],
   "agg_size": 5424
  },
  "10": {
   "agg_ms": [
    0.31889708,
    0.006448787046985952
   ],
   "aggverify_ms": [
    1.4338361666666666,
    0.00928211100797485
   ],
   "agg_size": 5664
  }
 },
 "security": {
  "FRA": 0,
  "RSA": 0,
  "AMA_mutation": 0,
  "AMA_subst": 0,
  "CCSA_with_DSH": 0,
  "CCSA_without_DSH": 10000,
  "trials": 10000
 }
}