{
 "alg": "ML-DSA-65",
 "python": "Python 3.12.3",
 "cpu": "Intel(R) Xeon(R) Processor @ 2.80GHz",
 "liboqs": "0.15.0",
 "runs": {
  "n": 200
 },
 "Setup": [
  0.05923978,
  0.017408967970289128
 ],
 "VehKeyGen": [
  0.0587949,
  0.013569195577968719
 ],
 "CertGen": [
  0.169693975,
  0.08918968002171695
 ],
 "CertValidate": [
  0.0697407,
  0.013848255368956015
 ],
 "Sign": [
  0.190739945,
  0.10014516656365542
 ],
 "sizes": {
  "pk": 1952,
  "sig": 3309,
  "cert": 5277,
  "tuple": 10662
 },
 "agg": {
  "1": {
   "agg_ms": [
    0.0800555,
    0.03079953505076715
   ],
   "aggverify_ms": [
    0.33404906666666667,
    0.04331896216075655
   ],
   "agg_size": 5232
  },
  "2": {
   "agg_ms": [
    0.15031683,
    0.025182082278876403
   ],
   "aggverify_ms": [
    0.6441526333333333,
    0.1571947135597657
   ],
   "agg_size": 5280
  },
  "5": {
   "agg_ms": [
    0.36103877,
    0.044528451432163746
   ],
   "aggverify_ms": [
    1.4237013,
    0.20230117354086297
   ],
   "agg_size": 5424
  },
  "10": {
   "agg_ms": [
    0.70842844,
    0.08131390497540933
   ],
   "aggverify_ms": [
    2.639225166666667,
    0.43657099246617653
   ],
   "agg_size": 5664
  }
 },
 "security": {
  "FRA": 0,
  "RSA": 0,
  "AMA_mutation": 0,
  "AMA_subst": 0,
  "CCSA_with_DSH": 0,
  "CCSA_without_DSH": 10000,
  "trials": 10000
 }
}