{
 "alg": "ML-DSA-65",
 "python": "3.14.5",
 "os": "Darwin 25.4.0",
 "cpu": "Apple M2",
 "liboqs": "0.16.0",
 "runs": {
  "n": 200
 },
 "Setup": [
  0.05694241,
  0.0019314465982026379
 ],
 "VehKeyGen": [
  0.054110609999999996,
  0.0016990805488431933
 ],
 "CertGen": [
  0.11491121,
  0.05595971382281684
 ],
 "CertValidate": [
  0.05488124,
  0.004509033395664317
 ],
 "Sign": [
  0.110787945,
  0.049348815452600774
 ],
 "sizes": {
  "pk": 1952,
  "sig": 3309,
  "cert": 5277,
  "tuple": 10662
 },
 "agg": {
  "1": {
   "agg_ms": [
    0.03455038,
    0.013801522708979058
   ],
   "aggverify_ms": [
    0.15154723333333334,
    0.010380205923421926
   ],
   "agg_size": 5232
  },
  "2": {
   "agg_ms": [
    0.06244841,
    0.0009509498185891562
   ],
   "aggverify_ms": [
    0.28767763333333335,
    0.0031108637727556704
   ],
   "agg_size": 5280
  },
  "5": {
   "agg_ms": [
    0.15128039,
    0.003462917322391217
   ],
   "aggverify_ms": [
    0.7032069333333334,
    0.003061758238764721
   ],
   "agg_size": 5424
  },
  "10": {
   "agg_ms": [
    0.29765699,
    0.0035573503233630645
   ],
   "aggverify_ms": [
    1.3954013333333333,
    0.003611498603200543
   ],
   "agg_size": 5664
  }
 },
 "security": {
  "FRA": 0,
  "RSA": 0,
  "AMA_mutation": 0,
  "AMA_subst": 0,
  "CCSA_with_DSH": 0,
  "CCSA_without_DSH": 10000,
  "trials": 10000
 },
 "indicators": {
  "dsh_overhead_percent": 5.9,
  "domain_tag_collisions": 0,
  "deterministic_nonce_unique": "10000/10000",
  "random_nonce_unique": "10000/10000"
 },
 "ecdsa_p256": {
  "keygen_ms": [
   0.02167063,
   0.007642428899934417
  ],
  "sign_ms": [
   0.044605665,
   0.007170579263745944
  ],
  "verify_ms": [
   0.081527465,
   0.011437757133283382
  ],
  "sig_bytes_der": 71,
  "pk_bytes_uncompressed": 65
 }
}